Question	Answer	Source	Metadata	SuggestedQuestions	IsContextOnly	Prompts	QnaId	SourceDisplayName
¿Qué instrumentos tienen caoba?	Los instrumentos que tienen caoba son:: [Ibanez TCY10E BK Guitarra Electro Acústica](https://www.madridhifi.com/p/ibanez-tcy10e-bk/);; [Ibanez AW70ECE Nt Guitarra Acústica Electrificada ( REACONDICIONADO )](https://www.madridhifi.com/p/ibanez-aw70ece-nt-reacondicionado/);; [Ibanez PF15 BK Guitarra Acústica](https://www.madridhifi.com/p/ibanez-pf15-bk/);; [Ibanez GSR200B WNF Bajo Eléctrico Walnut Flat](https://www.madridhifi.com/p/ibanez-gsr200b-wnf/);; [Ibanez PF15ECE TBS Guitarra Electro Acústica](https://www.madridhifi.com/p/ibanez-pf15ece-tbs/);; [Ibanez GRG121DX BKF Guitarra Eléctrica](https://www.madridhifi.com/p/ibanez-grg121dx-bkf/);; [Ibanez TMB100 MGR Bajo Eléctrico](https://www.madridhifi.com/p/ibanez-tmb100-mgr/);; [Ibanez TMB30 BK Bajo Eléctrico Talman](https://www.madridhifi.com/p/ibanez-tmb30-bk/);; [Ibanez SA260FM-TGB Transparent Gray Burst](https://www.madridhifi.com/p/ibanez-sa260fm-tgb/);; [Ibanez AF55-TKF Guitarra Eléctrica Hollowbody](https://www.madridhifi.com/p/ibanez-af55-tkf/);; [Ibanez RG5120M-FCN Prestige Japan Frozen Ocean + Estuche](https://www.madridhifi.com/p/ibanez-rg5120m-fcn/);; [Ibanez PF15ECE Bk Guitarra Acústica Electrificada ( REACONDICIONADO )](https://www.madridhifi.com/p/ibanez-pf15ece-bk-reacondicionado/)	azure-questions.txt		[]	False	[]	1	ask-hifi
¿Qué instrumentos tienen arce?	Los instrumentos que tienen arce son:: [Ibanez AZ2407F-BSR Guitarra Electrica](https://www.madridhifi.com/p/ibanez-az2407fbsr/);; [Ibanez RG421QM-CBB Guitarra Eléctrica](https://www.madridhifi.com/p/ibanez-rg421qm-cbb/);; [Ibanez GRG170 DX BKN Guitarra Eléctrica](https://www.madridhifi.com/p/ibanez-grg170-dx-bkn/);; [Ibanez GSR200 BK Bajo Eléctrico](https://www.madridhifi.com/p/ibanez-gsr200-bk-bajo-electrico/);; [Ibanez GSR200B WNF Bajo Eléctrico Walnut Flat](https://www.madridhifi.com/p/ibanez-gsr200b-wnf/);; [Ibanez GSR180 BK Bajo Eléctrico](https://www.madridhifi.com/p/ibanez-gsr180-bk/);; [Ibanez GRG121DX BKF Guitarra Eléctrica](https://www.madridhifi.com/p/ibanez-grg121dx-bkf/);; [Ibanez TMB100 MGR Bajo Eléctrico](https://www.madridhifi.com/p/ibanez-tmb100-mgr/);; [Ibanez TMB30 BK Bajo Eléctrico Talman](https://www.madridhifi.com/p/ibanez-tmb30-bk/);; [Ibanez JEM77P BFP Signature Steve Vai](https://www.madridhifi.com/p/ibanez-jem77p-bfp-premium/);; [Ibanez PGMM31 WH Guitarra Eléctrica Paul Gilbert Mikro](https://www.madridhifi.com/p/ibanez-pgmm31-wh/);; [Ibanez JEMJRSP-PK Signature Steve Vai](https://www.madridhifi.com/p/ibanez-jemjrsp-pk/);; [Ibanez SA260FM-TGB Transparent Gray Burst](https://www.madridhifi.com/p/ibanez-sa260fm-tgb/);; [Ibanez AZ2204-ICM Prestige Japan Ice Blue Metallic + Estuche](https://www.madridhifi.com/p/ibanez-az2204-icm/);; [Ibanez GRG7221QA-TKS Transparent Black Sunburst](https://www.madridhifi.com/p/ibanez-grg7221qa-tks/);; [Ibanez RG5120M-FCN Prestige Japan Frozen Ocean + Estuche](https://www.madridhifi.com/p/ibanez-rg5120m-fcn/);; [Ibanez TMB30-MGR Mint Green Bajo Eléctrico](https://www.madridhifi.com/p/ibanez-tmb30-mgr/);; [Ibanez SA360NQM-SPB Guitarra Eléctrica](https://www.madridhifi.com/p/ibanez-sa360nqm-spb/);; [Ibanez AZ2402-PWF Guitarra Eléctrica Prestige Japan + Estuche](https://www.madridhifi.com/p/ibanez-az2402-pwf/);; [Ibanez RG5170G-SVF Guitarra Eléctrica](https://www.madridhifi.com/p/ibanez-rg5170g-svf/);; [Ibanez GRX70QA-SB Guitarra Eléctrica Sunburst](https://www.madridhifi.com/p/ibanez-grx70qa-sb/)	azure-questions.txt		[]	False	[]	2	ask-hifi
¿Qué instrumentos tienen color negro?	Los instrumentos que tienen color negro son:: [Ibanez TCY10E BK Guitarra Electro Acústica](https://www.madridhifi.com/p/ibanez-tcy10e-bk/)	azure-questions.txt		[]	False	[]	3	ask-hifi
¿Qué instrumentos tienen acabado natural?	Los instrumentos que tienen acabado natural son:: [Ibanez AW70ECE Nt Guitarra Acústica Electrificada ( REACONDICIONADO )](https://www.madridhifi.com/p/ibanez-aw70ece-nt-reacondicionado/)	azure-questions.txt		[]	False	[]	4	ask-hifi
¿Qué instrumentos tienen cuerpo de acacia?	Los instrumentos que tienen cuerpo de acacia son:: [Ibanez EWP12EWB-OPN Guitarra Picolo](https://www.madridhifi.com/p/ibanez-ewp12ewbopn/)	azure-questions.txt		[]	False	[]	5	ask-hifi
¿Qué instrumentos tienen acacia?	Los instrumentos que tienen acacia son:: [Ibanez EWP12EWB-OPN Guitarra Picolo](https://www.madridhifi.com/p/ibanez-ewp12ewbopn/)	azure-questions.txt		[]	False	[]	6	ask-hifi
¿Qué instrumentos tienen 24 trastes?	Los instrumentos que tienen 24 trastes son:: [Ibanez AZ2407F-BSR Guitarra Electrica](https://www.madridhifi.com/p/ibanez-az2407fbsr/);; [Ibanez GRG170 DX BKN Guitarra Eléctrica](https://www.madridhifi.com/p/ibanez-grg170-dx-bkn/);; [Ibanez GRG121DX BKF Guitarra Eléctrica](https://www.madridhifi.com/p/ibanez-grg121dx-bkf/);; [Ibanez JEM77P BFP Signature Steve Vai](https://www.madridhifi.com/p/ibanez-jem77p-bfp-premium/);; [Ibanez JEMJRSP-PK Signature Steve Vai](https://www.madridhifi.com/p/ibanez-jemjrsp-pk/);; [Ibanez GRG7221QA-TKS Transparent Black Sunburst](https://www.madridhifi.com/p/ibanez-grg7221qa-tks/);; [Ibanez RG5120M-FCN Prestige Japan Frozen Ocean + Estuche](https://www.madridhifi.com/p/ibanez-rg5120m-fcn/);; [Ibanez RGD61ALET-MGM Guitarra Eléctrica RGD Metallic Gray Matte](https://www.madridhifi.com/p/ibanez-rgd61alet-mgm/);; [Ibanez SA360NQM-SPB Guitarra Eléctrica](https://www.madridhifi.com/p/ibanez-sa360nqm-spb/);; [Ibanez AZ2402-PWF Guitarra Eléctrica Prestige Japan + Estuche](https://www.madridhifi.com/p/ibanez-az2402-pwf/);; [Ibanez RG5170G-SVF Guitarra Eléctrica](https://www.madridhifi.com/p/ibanez-rg5170g-svf/)	azure-questions.txt		[]	False	[]	7	ask-hifi
¿Qué instrumentos tienen golpeador?	Los instrumentos que tienen golpeador son:: [Ibanez PF15 BK Guitarra Acústica](https://www.madridhifi.com/p/ibanez-pf15-bk/);; [Ibanez TMB100 MGR Bajo Eléctrico](https://www.madridhifi.com/p/ibanez-tmb100-mgr/);; [Ibanez PF15ECE Bk Guitarra Acústica Electrificada ( REACONDICIONADO )](https://www.madridhifi.com/p/ibanez-pf15ece-bk-reacondicionado/)	azure-questions.txt		[]	False	[]	8	ask-hifi
¿Qué instrumentos tienen aliso?	Los instrumentos que tienen aliso son:: [Ibanez AZ2204-ICM Prestige Japan Ice Blue Metallic + Estuche](https://www.madridhifi.com/p/ibanez-az2204-icm/);; [Ibanez AZ2402-PWF Guitarra Eléctrica Prestige Japan + Estuche](https://www.madridhifi.com/p/ibanez-az2402-pwf/)	azure-questions.txt		[]	False	[]	9	ask-hifi
¿Qué instrumentos tienen ocume?	Los instrumentos que tienen ocume son:: [Ibanez EWP12EWB-OPN Guitarra Picolo](https://www.madridhifi.com/p/ibanez-ewp12ewbopn/);; [Ibanez AW54 CE OPN Guitarra Acústica Electrificada](https://www.madridhifi.com/p/ibanez-aw54-ce-opn/);; [Ibanez SA360NQM-SPB Guitarra Eléctrica](https://www.madridhifi.com/p/ibanez-sa360nqm-spb/)	azure-questions.txt		[]	False	[]	10	ask-hifi
¿Qué instrumentos tienen escala de 648?	Los instrumentos que tienen escala de 648 son:: [Ibanez AZ2407F-BSR Guitarra Electrica](https://www.madridhifi.com/p/ibanez-az2407fbsr/);; [Ibanez JEMJRSP-PK Signature Steve Vai](https://www.madridhifi.com/p/ibanez-jemjrsp-pk/);; [Ibanez AEG50N-NT Guitarra de Concierto](https://www.madridhifi.com/p/ibanez-aeg50n-nt/);; [Ibanez SA360NQM-SPB Guitarra Eléctrica](https://www.madridhifi.com/p/ibanez-sa360nqm-spb/);; [Ibanez RG5170G-SVF Guitarra Eléctrica](https://www.madridhifi.com/p/ibanez-rg5170g-svf/)	azure-questions.txt		[]	False	[]	11	ask-hifi
¿Qué instrumentos tienen 2 pastillas?	Los instrumentos que tienen 2 pastillas son:: [Ibanez GSR180 BK Bajo Eléctrico](https://www.madridhifi.com/p/ibanez-gsr180-bk/);; [Ibanez GRG121DX BKF Guitarra Eléctrica](https://www.madridhifi.com/p/ibanez-grg121dx-bkf/);; [Ibanez TMB30 BK Bajo Eléctrico Talman](https://www.madridhifi.com/p/ibanez-tmb30-bk/);; [Ibanez TMB30-MGR Mint Green Bajo Eléctrico](https://www.madridhifi.com/p/ibanez-tmb30-mgr/);; [Ibanez GRX70QA-SB Guitarra Eléctrica Sunburst](https://www.madridhifi.com/p/ibanez-grx70qa-sb/)	azure-questions.txt		[]	False	[]	12	ask-hifi
¿Qué instrumentos tienen incluye estuche?	Los instrumentos que tienen incluye estuche son:: [Ibanez AZ2407F-BSR Guitarra Electrica](https://www.madridhifi.com/p/ibanez-az2407fbsr/);; [Ibanez JEM77P BFP Signature Steve Vai](https://www.madridhifi.com/p/ibanez-jem77p-bfp-premium/);; [Ibanez RG5120M-FCN Prestige Japan Frozen Ocean + Estuche](https://www.madridhifi.com/p/ibanez-rg5120m-fcn/);; [Ibanez AZ2402-PWF Guitarra Eléctrica Prestige Japan + Estuche](https://www.madridhifi.com/p/ibanez-az2402-pwf/);; [Ibanez RG5170G-SVF Guitarra Eléctrica](https://www.madridhifi.com/p/ibanez-rg5170g-svf/)	azure-questions.txt		[]	False	[]	13	ask-hifi
¿Qué instrumentos tienen cejilla de hueso?	Los instrumentos que tienen cejilla de hueso son:: [Ibanez AZ2407F-BSR Guitarra Electrica](https://www.madridhifi.com/p/ibanez-az2407fbsr/);; [Ibanez AZ2402-PWF Guitarra Eléctrica Prestige Japan + Estuche](https://www.madridhifi.com/p/ibanez-az2402-pwf/);; [Ibanez RG5170G-SVF Guitarra Eléctrica](https://www.madridhifi.com/p/ibanez-rg5170g-svf/)	azure-questions.txt		[]	False	[]	14	ask-hifi
¿Qué instrumentos tienen signature?	Los instrumentos que tienen signature son:: [Ibanez JEM77P BFP Signature Steve Vai](https://www.madridhifi.com/p/ibanez-jem77p-bfp-premium/);; [Ibanez JEMJRSP-PK Signature Steve Vai](https://www.madridhifi.com/p/ibanez-jemjrsp-pk/)	azure-questions.txt		[]	False	[]	15	ask-hifi
¿Cuáles son l@s guitarra más rebajados?	L@s guitarra con mayor descuento son:: [Ibanez IMC50FS Taburete Guitarrista con soporte guitarra](https://www.madridhifi.com/p/ibanez-imc50fs/) - 34.83% de descuento - 58,00 €€;; [Ibanez AW70ECE Nt Guitarra Acústica Electrificada ( REACONDICIONADO )](https://www.madridhifi.com/p/ibanez-aw70ece-nt-reacondicionado/) - 30.41% de descuento - 233,81 €€;; [Ibanez GRG121DX BKF Guitarra Eléctrica](https://www.madridhifi.com/p/ibanez-grg121dx-bkf/) - 28.09% de descuento - 215,00 €€;; [Ibanez PF15ECE Bk Guitarra Acústica Electrificada ( REACONDICIONADO )](https://www.madridhifi.com/p/ibanez-pf15ece-bk-reacondicionado/) - 24.19% de descuento - 188,77 €€;; [Ibanez AZ2407F-BSR Guitarra Electrica](https://www.madridhifi.com/p/ibanez-az2407fbsr/) - 23.22% de descuento - 2.149,00 €€	azure-questions.txt		[]	False	[]	16	ask-hifi
¿Cuáles son l@s pedal más rebajados?	L@s pedal con mayor descuento son:: [Ibanez CSMINI Chorus. Pedal de Efectos](https://www.madridhifi.com/p/ibanez-csmini/) - 9.09% de descuento - 90,00 €€;; [Ibanez TR Mini Pedal Efectos](https://www.madridhifi.com/p/ibanez-tr-mini/) - 6.09% de descuento - 108,00 €€	azure-questions.txt		[]	False	[]	17	ask-hifi
¿Cuáles son l@s cable más rebajados?	L@s cable con mayor descuento son:: [Ibanez DC501L Cable Distribución Corriente](https://www.madridhifi.com/p/ibanez-dc501l/) - 22.26% de descuento - 13,90 €€	azure-questions.txt		[]	False	[]	18	ask-hifi
¿Cuáles son l@s bajo más rebajados?	L@s bajo con mayor descuento son:: [Ibanez GSR180 BK Bajo Eléctrico](https://www.madridhifi.com/p/ibanez-gsr180-bk/) - 10.96% de descuento - 195,00 €€;; [Ibanez GSR200B WNF Bajo Eléctrico Walnut Flat](https://www.madridhifi.com/p/ibanez-gsr200b-wnf/) - 10.73% de descuento - 258,00 €€;; [Ibanez TMB30-MGR Mint Green Bajo Eléctrico](https://www.madridhifi.com/p/ibanez-tmb30-mgr/) - 10.04% de descuento - 215,00 €€;; [Ibanez TMB30 BK Bajo Eléctrico Talman](https://www.madridhifi.com/p/ibanez-tmb30-bk/) - 4.6% de descuento - 228,00 €€;; [Ibanez GSR200 BK Bajo Eléctrico](https://www.madridhifi.com/p/ibanez-gsr200-bk-bajo-electrico/) - 4.15% de descuento - 277,00 €€	azure-questions.txt		[]	False	[]	19	ask-hifi
¿Cuáles son l@s signature más rebajados?	L@s signature con mayor descuento son:: [Ibanez JEM77P BFP Signature Steve Vai](https://www.madridhifi.com/p/ibanez-jem77p-bfp-premium/) - 18.34% de descuento - 1.469,00 €€;; [Ibanez JEMJRSP-PK Signature Steve Vai](https://www.madridhifi.com/p/ibanez-jemjrsp-pk/) - 10.68% de descuento - 535,00 €€	azure-questions.txt		[]	False	[]	20	ask-hifi
¿Cuáles son l@s correa más rebajados?	L@s correa con mayor descuento son:: [Ibanez DCS50D-MGN Correa para Guitarra y Bajo Verde Musgo](https://www.madridhifi.com/p/ibanez-dcs50d-mgn/) - 5.33% de descuento - 16,00 €€	azure-questions.txt		[]	False	[]	21	ask-hifi
¿Cuáles son los guitarra más caros?	Los guitarra más caros son:: [Ibanez RG421QM-CBB Guitarra Eléctrica](https://www.madridhifi.com/p/ibanez-rg421qm-cbb/) - 457,00 €;; [Ibanez SA360NQM-SPB Guitarra Eléctrica](https://www.madridhifi.com/p/ibanez-sa360nqm-spb/) - 440,00 €;; [Ibanez AF55-TKF Guitarra Eléctrica Hollowbody](https://www.madridhifi.com/p/ibanez-af55-tkf/) - 387,00 €;; [Ibanez AF55L-TF Guitarra Eléctrica Zurdo](https://www.madridhifi.com/p/ibanez-af55l-tf/) - 359,00 €;; [Ibanez AS53 TF Guitarra Eléctrica Tobacco Flat](https://www.madridhifi.com/p/ibanez-as53-tf/) - 315,00 €	azure-questions.txt		[]	False	[]	22	ask-hifi
¿Cuáles son los guitarra más baratos?	Los guitarra más baratos son:: [Ibanez RGD61ALET-MGM Guitarra Eléctrica RGD Metallic Gray Matte](https://www.madridhifi.com/p/ibanez-rgd61alet-mgm/) - 1.444,00 €;; [Ibanez AZ2402-PWF Guitarra Eléctrica Prestige Japan + Estuche](https://www.madridhifi.com/p/ibanez-az2402-pwf/) - 1.950,00 €;; [Ibanez RG5170G-SVF Guitarra Eléctrica](https://www.madridhifi.com/p/ibanez-rg5170g-svf/) - 2.039,00 €;; [Ibanez AZ2407F-BSR Guitarra Electrica](https://www.madridhifi.com/p/ibanez-az2407fbsr/) - 2.149,00 €;; [Ibanez IMC50FS Taburete Guitarrista con soporte guitarra](https://www.madridhifi.com/p/ibanez-imc50fs/) - 58,00 €	azure-questions.txt		[]	False	[]	23	ask-hifi
¿Cuáles son los pedal más caros?	Los pedal más caros son:: [Ibanez TR Mini Pedal Efectos](https://www.madridhifi.com/p/ibanez-tr-mini/) - 108,00 €;; [Ibanez CSMINI Chorus. Pedal de Efectos](https://www.madridhifi.com/p/ibanez-csmini/) - 90,00 €	azure-questions.txt		[]	False	[]	24	ask-hifi
¿Cuáles son los pedal más baratos?	Los pedal más baratos son:: [Ibanez CSMINI Chorus. Pedal de Efectos](https://www.madridhifi.com/p/ibanez-csmini/) - 90,00 €;; [Ibanez TR Mini Pedal Efectos](https://www.madridhifi.com/p/ibanez-tr-mini/) - 108,00 €	azure-questions.txt		[]	False	[]	25	ask-hifi
¿Cuáles son los cable más caros?	Los cable más caros son:: [Ibanez DC501L Cable Distribución Corriente](https://www.madridhifi.com/p/ibanez-dc501l/) - 13,90 €	azure-questions.txt		[]	False	[]	26	ask-hifi
¿Cuáles son los cable más baratos?	Los cable más baratos son:: [Ibanez DC501L Cable Distribución Corriente](https://www.madridhifi.com/p/ibanez-dc501l/) - 13,90 €	azure-questions.txt		[]	False	[]	27	ask-hifi
¿Cuáles son los bajo más caros?	Los bajo más caros son:: [Ibanez GSR200 BK Bajo Eléctrico](https://www.madridhifi.com/p/ibanez-gsr200-bk-bajo-electrico/) - 277,00 €;; [Ibanez GSR200B WNF Bajo Eléctrico Walnut Flat](https://www.madridhifi.com/p/ibanez-gsr200b-wnf/) - 258,00 €;; [Ibanez TMB100 MGR Bajo Eléctrico](https://www.madridhifi.com/p/ibanez-tmb100-mgr/) - 258,00 €;; [Ibanez TMB30 BK Bajo Eléctrico Talman](https://www.madridhifi.com/p/ibanez-tmb30-bk/) - 228,00 €;; [Ibanez TMB30-MGR Mint Green Bajo Eléctrico](https://www.madridhifi.com/p/ibanez-tmb30-mgr/) - 215,00 €	azure-questions.txt		[]	False	[]	28	ask-hifi
¿Cuáles son los bajo más baratos?	Los bajo más baratos son:: [Ibanez GSR180 BK Bajo Eléctrico](https://www.madridhifi.com/p/ibanez-gsr180-bk/) - 195,00 €;; [Ibanez TMB30-MGR Mint Green Bajo Eléctrico](https://www.madridhifi.com/p/ibanez-tmb30-mgr/) - 215,00 €;; [Ibanez TMB30 BK Bajo Eléctrico Talman](https://www.madridhifi.com/p/ibanez-tmb30-bk/) - 228,00 €;; [Ibanez GSR200B WNF Bajo Eléctrico Walnut Flat](https://www.madridhifi.com/p/ibanez-gsr200b-wnf/) - 258,00 €;; [Ibanez TMB100 MGR Bajo Eléctrico](https://www.madridhifi.com/p/ibanez-tmb100-mgr/) - 258,00 €	azure-questions.txt		[]	False	[]	29	ask-hifi
¿Cuáles son los signature más caros?	Los signature más caros son:: [Ibanez JEMJRSP-PK Signature Steve Vai](https://www.madridhifi.com/p/ibanez-jemjrsp-pk/) - 535,00 €;; [Ibanez JEM77P BFP Signature Steve Vai](https://www.madridhifi.com/p/ibanez-jem77p-bfp-premium/) - 1.469,00 €	azure-questions.txt		[]	False	[]	30	ask-hifi
¿Cuáles son los signature más baratos?	Los signature más baratos son:: [Ibanez JEM77P BFP Signature Steve Vai](https://www.madridhifi.com/p/ibanez-jem77p-bfp-premium/) - 1.469,00 €;; [Ibanez JEMJRSP-PK Signature Steve Vai](https://www.madridhifi.com/p/ibanez-jemjrsp-pk/) - 535,00 €	azure-questions.txt		[]	False	[]	31	ask-hifi
¿Cuáles son los correa más caros?	Los correa más caros son:: [Ibanez DCS50D-MGN Correa para Guitarra y Bajo Verde Musgo](https://www.madridhifi.com/p/ibanez-dcs50d-mgn/) - 16,00 €	azure-questions.txt		[]	False	[]	32	ask-hifi
¿Cuáles son los correa más baratos?	Los correa más baratos son:: [Ibanez DCS50D-MGN Correa para Guitarra y Bajo Verde Musgo](https://www.madridhifi.com/p/ibanez-dcs50d-mgn/) - 16,00 €	azure-questions.txt		[]	False	[]	33	ask-hifi
¿Cuándo estará disponible para entrega el producto Ibanez AZ2407F-BSR Guitarra Electrica?	El producto Ibanez AZ2407F-BSR Guitarra Electrica estará disponible para entrega el el Friday 7/Monday 10.	azure-questions.txt		[]	False	[]	34	ask-hifi
¿Cuándo estará disponible para entrega el producto Ibanez TR Mini Pedal Efectos?	El producto Ibanez TR Mini Pedal Efectos estará disponible para entrega el el Friday 7/Monday 10.	azure-questions.txt		[]	False	[]	35	ask-hifi
¿Cuándo estará disponible para entrega el producto Ibanez DC501L Cable Distribución Corriente?	El producto Ibanez DC501L Cable Distribución Corriente estará disponible para entrega el el Friday 7/Monday 10.	azure-questions.txt		[]	False	[]	36	ask-hifi
¿Cuándo estará disponible para entrega el producto Ibanez TCY10E BK Guitarra Electro Acústica?	El producto Ibanez TCY10E BK Guitarra Electro Acústica estará disponible para entrega el el Friday 7/Monday 10.	azure-questions.txt		[]	False	[]	37	ask-hifi
¿Cuándo estará disponible para entrega el producto Ibanez AW70ECE Nt Guitarra Acústica Electrificada ( REACONDICIONADO )?	El producto Ibanez AW70ECE Nt Guitarra Acústica Electrificada ( REACONDICIONADO ) estará disponible para entrega el el Friday 7/Monday 10.	azure-questions.txt		[]	False	[]	38	ask-hifi
¿Cuándo estará disponible para entrega el producto Ibanez EWP12EWB-OPN Guitarra Picolo?	El producto Ibanez EWP12EWB-OPN Guitarra Picolo estará disponible para entrega el el Friday 7/Monday 10.	azure-questions.txt		[]	False	[]	39	ask-hifi
¿Cuándo estará disponible para entrega el producto Ibanez RG421QM-CBB Guitarra Eléctrica?	El producto Ibanez RG421QM-CBB Guitarra Eléctrica estará disponible para entrega el el Friday 7/Monday 10.	azure-questions.txt		[]	False	[]	40	ask-hifi
¿Cuándo estará disponible para entrega el producto Ibanez GRG170 DX BKN Guitarra Eléctrica?	El producto Ibanez GRG170 DX BKN Guitarra Eléctrica estará disponible para entrega el el Friday 7/Monday 10.	azure-questions.txt		[]	False	[]	41	ask-hifi
¿Cuándo estará disponible para entrega el producto Ibanez AS53 TF Guitarra Eléctrica Tobacco Flat?	El producto Ibanez AS53 TF Guitarra Eléctrica Tobacco Flat estará disponible para entrega el el Friday 7/Monday 10.	azure-questions.txt		[]	False	[]	42	ask-hifi
¿Cuándo estará disponible para entrega el producto Ibanez PF15 BK Guitarra Acústica?	El producto Ibanez PF15 BK Guitarra Acústica estará disponible para entrega el el Friday 7/Monday 10.	azure-questions.txt		[]	False	[]	43	ask-hifi
¿Cuándo estará disponible para entrega el producto Ibanez GSR200 BK Bajo Eléctrico?	El producto Ibanez GSR200 BK Bajo Eléctrico estará disponible para entrega el el Friday 7/Monday 10.	azure-questions.txt		[]	False	[]	44	ask-hifi
¿Cuándo estará disponible para entrega el producto Ibanez GSR200B WNF Bajo Eléctrico Walnut Flat?	El producto Ibanez GSR200B WNF Bajo Eléctrico Walnut Flat estará disponible para entrega el el Friday 7/Monday 10.	azure-questions.txt		[]	False	[]	45	ask-hifi
¿Cuándo estará disponible para entrega el producto Ibanez GSR180 BK Bajo Eléctrico?	El producto Ibanez GSR180 BK Bajo Eléctrico estará disponible para entrega el el Friday 7/Monday 10.	azure-questions.txt		[]	False	[]	46	ask-hifi
¿Cuándo estará disponible para entrega el producto Ibanez PF15ECE TBS Guitarra Electro Acústica?	El producto Ibanez PF15ECE TBS Guitarra Electro Acústica estará disponible para entrega el el Friday 7/Monday 10.	azure-questions.txt		[]	False	[]	47	ask-hifi
¿Cuándo estará disponible para entrega el producto Ibanez GRG121DX BKF Guitarra Eléctrica?	El producto Ibanez GRG121DX BKF Guitarra Eléctrica estará disponible para entrega el el Friday 7/Monday 10.	azure-questions.txt		[]	False	[]	48	ask-hifi
¿Cuándo estará disponible para entrega el producto Ibanez TMB100 MGR Bajo Eléctrico?	El producto Ibanez TMB100 MGR Bajo Eléctrico estará disponible para entrega el el Friday 7/Monday 10.	azure-questions.txt		[]	False	[]	49	ask-hifi
¿Cuándo estará disponible para entrega el producto Ibanez AW54 CE OPN Guitarra Acústica Electrificada?	El producto Ibanez AW54 CE OPN Guitarra Acústica Electrificada estará disponible para entrega el el Friday 7/Monday 10.	azure-questions.txt		[]	False	[]	50	ask-hifi
¿Cuándo estará disponible para entrega el producto Ibanez TMB30 BK Bajo Eléctrico Talman?	El producto Ibanez TMB30 BK Bajo Eléctrico Talman estará disponible para entrega el el Friday 7/Monday 10.	azure-questions.txt		[]	False	[]	51	ask-hifi
¿Cuándo estará disponible para entrega el producto Ibanez CSMINI Chorus. Pedal de Efectos?	El producto Ibanez CSMINI Chorus. Pedal de Efectos estará disponible para entrega el el Friday 7/Monday 10.	azure-questions.txt		[]	False	[]	52	ask-hifi
¿Cuándo estará disponible para entrega el producto Ibanez JEM77P BFP Signature Steve Vai?	El producto Ibanez JEM77P BFP Signature Steve Vai estará disponible para entrega el el Friday 7/Monday 10.	azure-questions.txt		[]	False	[]	53	ask-hifi
¿Cuándo estará disponible para entrega el producto Ibanez M300C Estuche para guitarra RG/RGA/RGD/RG7/S/SA?	El producto Ibanez M300C Estuche para guitarra RG/RGA/RGD/RG7/S/SA estará disponible para entrega el el Friday 7/Monday 10.	azure-questions.txt		[]	False	[]	54	ask-hifi
¿Cuándo estará disponible para entrega el producto Ibanez PGMM31 WH Guitarra Eléctrica Paul Gilbert Mikro?	El producto Ibanez PGMM31 WH Guitarra Eléctrica Paul Gilbert Mikro estará disponible para entrega el el Friday 7/Monday 10.	azure-questions.txt		[]	False	[]	55	ask-hifi
¿Cuándo estará disponible para entrega el producto Ibanez JEMJRSP-PK Signature Steve Vai?	El producto Ibanez JEMJRSP-PK Signature Steve Vai estará disponible para entrega el el Friday 7/Monday 10.	azure-questions.txt		[]	False	[]	56	ask-hifi
¿Cuándo estará disponible para entrega el producto Ibanez IMC50FS Taburete Guitarrista con soporte guitarra?	El producto Ibanez IMC50FS Taburete Guitarrista con soporte guitarra estará disponible para entrega el el Friday 7/Monday 10.	azure-questions.txt		[]	False	[]	57	ask-hifi
¿Cuándo estará disponible para entrega el producto Ibanez AF55L-TF Guitarra Eléctrica Zurdo?	El producto Ibanez AF55L-TF Guitarra Eléctrica Zurdo estará disponible para entrega el el Friday 7/Monday 10.	azure-questions.txt		[]	False	[]	58	ask-hifi
¿Cuándo estará disponible para entrega el producto Ibanez SA260FM-TGB Transparent Gray Burst?	El producto Ibanez SA260FM-TGB Transparent Gray Burst estará disponible para entrega el el Friday 7/Monday 10.	azure-questions.txt		[]	False	[]	59	ask-hifi
¿Cuándo estará disponible para entrega el producto Ibanez AZ2204-ICM Prestige Japan Ice Blue Metallic + Estuche?	El producto Ibanez AZ2204-ICM Prestige Japan Ice Blue Metallic + Estuche estará disponible para entrega el el Friday 7/Monday 10.	azure-questions.txt		[]	False	[]	60	ask-hifi
¿Cuándo estará disponible para entrega el producto Ibanez AF55-TKF Guitarra Eléctrica Hollowbody?	El producto Ibanez AF55-TKF Guitarra Eléctrica Hollowbody estará disponible para entrega el el Friday 7/Monday 10.	azure-questions.txt		[]	False	[]	61	ask-hifi
¿Cuándo estará disponible para entrega el producto Ibanez GRG7221QA-TKS Transparent Black Sunburst?	El producto Ibanez GRG7221QA-TKS Transparent Black Sunburst estará disponible para entrega el el Friday 7/Monday 10.	azure-questions.txt		[]	False	[]	62	ask-hifi
¿Cuándo estará disponible para entrega el producto Ibanez RG5120M-FCN Prestige Japan Frozen Ocean + Estuche?	El producto Ibanez RG5120M-FCN Prestige Japan Frozen Ocean + Estuche estará disponible para entrega el el Friday 7/Monday 10.	azure-questions.txt		[]	False	[]	63	ask-hifi
¿Cuándo estará disponible para entrega el producto Ibanez TMB30-MGR Mint Green Bajo Eléctrico?	El producto Ibanez TMB30-MGR Mint Green Bajo Eléctrico estará disponible para entrega el el Friday 7/Monday 10.	azure-questions.txt		[]	False	[]	64	ask-hifi
¿Cuándo estará disponible para entrega el producto Ibanez PF15ECE Bk Guitarra Acústica Electrificada ( REACONDICIONADO )?	El producto Ibanez PF15ECE Bk Guitarra Acústica Electrificada ( REACONDICIONADO ) estará disponible para entrega el el Friday 7/Monday 10.	azure-questions.txt		[]	False	[]	65	ask-hifi
¿Cuándo estará disponible para entrega el producto Ibanez AEG50N-NT Guitarra de Concierto?	El producto Ibanez AEG50N-NT Guitarra de Concierto estará disponible para entrega el el Friday 7/Monday 10.	azure-questions.txt		[]	False	[]	66	ask-hifi
¿Cuándo estará disponible para entrega el producto Ibanez RGD61ALET-MGM Guitarra Eléctrica RGD Metallic Gray Matte?	El producto Ibanez RGD61ALET-MGM Guitarra Eléctrica RGD Metallic Gray Matte estará disponible para entrega el el Friday 7/Monday 10.	azure-questions.txt		[]	False	[]	67	ask-hifi
¿Cuándo estará disponible para entrega el producto Ibanez SA360NQM-SPB Guitarra Eléctrica?	El producto Ibanez SA360NQM-SPB Guitarra Eléctrica estará disponible para entrega el el Friday 7/Monday 10.	azure-questions.txt		[]	False	[]	68	ask-hifi
¿Cuándo estará disponible para entrega el producto Ibanez AZ2402-PWF Guitarra Eléctrica Prestige Japan + Estuche?	El producto Ibanez AZ2402-PWF Guitarra Eléctrica Prestige Japan + Estuche estará disponible para entrega el el Friday 7/Monday 10.	azure-questions.txt		[]	False	[]	69	ask-hifi
¿Cuándo estará disponible para entrega el producto Ibanez RG5170G-SVF Guitarra Eléctrica?	El producto Ibanez RG5170G-SVF Guitarra Eléctrica estará disponible para entrega el el Friday 7/Monday 10.	azure-questions.txt		[]	False	[]	70	ask-hifi
¿Cuándo estará disponible para entrega el producto Ibanez DCS50D-MGN Correa para Guitarra y Bajo Verde Musgo?	El producto Ibanez DCS50D-MGN Correa para Guitarra y Bajo Verde Musgo estará disponible para entrega el el Friday 7/Monday 10.	azure-questions.txt		[]	False	[]	71	ask-hifi
¿Cuándo estará disponible para entrega el producto Ibanez GRX70QA-SB Guitarra Eléctrica Sunburst?	El producto Ibanez GRX70QA-SB Guitarra Eléctrica Sunburst estará disponible para entrega el el Friday 7/Monday 10.	azure-questions.txt		[]	False	[]	72	ask-hifi
¿Dónde puedo comprar el producto Ibanez AZ2407F-BSR Guitarra Electrica?	Puedes comprar el producto Ibanez AZ2407F-BSR Guitarra Electrica [aquí](https://www.madridhifi.com/p/ibanez-az2407fbsr/).	azure-questions.txt		[]	False	[]	73	ask-hifi
¿Dónde puedo comprar el producto Ibanez TR Mini Pedal Efectos?	Puedes comprar el producto Ibanez TR Mini Pedal Efectos [aquí](https://www.madridhifi.com/p/ibanez-tr-mini/).	azure-questions.txt		[]	False	[]	74	ask-hifi
¿Dónde puedo comprar el producto Ibanez DC501L Cable Distribución Corriente?	Puedes comprar el producto Ibanez DC501L Cable Distribución Corriente [aquí](https://www.madridhifi.com/p/ibanez-dc501l/).	azure-questions.txt		[]	False	[]	75	ask-hifi
¿Dónde puedo comprar el producto Ibanez TCY10E BK Guitarra Electro Acústica?	Puedes comprar el producto Ibanez TCY10E BK Guitarra Electro Acústica [aquí](https://www.madridhifi.com/p/ibanez-tcy10e-bk/).	azure-questions.txt		[]	False	[]	76	ask-hifi
¿Dónde puedo comprar el producto Ibanez AW70ECE Nt Guitarra Acústica Electrificada ( REACONDICIONADO )?	Puedes comprar el producto Ibanez AW70ECE Nt Guitarra Acústica Electrificada ( REACONDICIONADO ) [aquí](https://www.madridhifi.com/p/ibanez-aw70ece-nt-reacondicionado/).	azure-questions.txt		[]	False	[]	77	ask-hifi
¿Dónde puedo comprar el producto Ibanez EWP12EWB-OPN Guitarra Picolo?	Puedes comprar el producto Ibanez EWP12EWB-OPN Guitarra Picolo [aquí](https://www.madridhifi.com/p/ibanez-ewp12ewbopn/).	azure-questions.txt		[]	False	[]	78	ask-hifi
¿Dónde puedo comprar el producto Ibanez RG421QM-CBB Guitarra Eléctrica?	Puedes comprar el producto Ibanez RG421QM-CBB Guitarra Eléctrica [aquí](https://www.madridhifi.com/p/ibanez-rg421qm-cbb/).	azure-questions.txt		[]	False	[]	79	ask-hifi
¿Dónde puedo comprar el producto Ibanez GRG170 DX BKN Guitarra Eléctrica?	Puedes comprar el producto Ibanez GRG170 DX BKN Guitarra Eléctrica [aquí](https://www.madridhifi.com/p/ibanez-grg170-dx-bkn/).	azure-questions.txt		[]	False	[]	80	ask-hifi
¿Dónde puedo comprar el producto Ibanez AS53 TF Guitarra Eléctrica Tobacco Flat?	Puedes comprar el producto Ibanez AS53 TF Guitarra Eléctrica Tobacco Flat [aquí](https://www.madridhifi.com/p/ibanez-as53-tf/).	azure-questions.txt		[]	False	[]	81	ask-hifi
¿Dónde puedo comprar el producto Ibanez PF15 BK Guitarra Acústica?	Puedes comprar el producto Ibanez PF15 BK Guitarra Acústica [aquí](https://www.madridhifi.com/p/ibanez-pf15-bk/).	azure-questions.txt		[]	False	[]	82	ask-hifi
¿Dónde puedo comprar el producto Ibanez GSR200 BK Bajo Eléctrico?	Puedes comprar el producto Ibanez GSR200 BK Bajo Eléctrico [aquí](https://www.madridhifi.com/p/ibanez-gsr200-bk-bajo-electrico/).	azure-questions.txt		[]	False	[]	83	ask-hifi
¿Dónde puedo comprar el producto Ibanez GSR200B WNF Bajo Eléctrico Walnut Flat?	Puedes comprar el producto Ibanez GSR200B WNF Bajo Eléctrico Walnut Flat [aquí](https://www.madridhifi.com/p/ibanez-gsr200b-wnf/).	azure-questions.txt		[]	False	[]	84	ask-hifi
¿Dónde puedo comprar el producto Ibanez GSR180 BK Bajo Eléctrico?	Puedes comprar el producto Ibanez GSR180 BK Bajo Eléctrico [aquí](https://www.madridhifi.com/p/ibanez-gsr180-bk/).	azure-questions.txt		[]	False	[]	85	ask-hifi
¿Dónde puedo comprar el producto Ibanez PF15ECE TBS Guitarra Electro Acústica?	Puedes comprar el producto Ibanez PF15ECE TBS Guitarra Electro Acústica [aquí](https://www.madridhifi.com/p/ibanez-pf15ece-tbs/).	azure-questions.txt		[]	False	[]	86	ask-hifi
¿Dónde puedo comprar el producto Ibanez GRG121DX BKF Guitarra Eléctrica?	Puedes comprar el producto Ibanez GRG121DX BKF Guitarra Eléctrica [aquí](https://www.madridhifi.com/p/ibanez-grg121dx-bkf/).	azure-questions.txt		[]	False	[]	87	ask-hifi
¿Dónde puedo comprar el producto Ibanez TMB100 MGR Bajo Eléctrico?	Puedes comprar el producto Ibanez TMB100 MGR Bajo Eléctrico [aquí](https://www.madridhifi.com/p/ibanez-tmb100-mgr/).	azure-questions.txt		[]	False	[]	88	ask-hifi
¿Dónde puedo comprar el producto Ibanez AW54 CE OPN Guitarra Acústica Electrificada?	Puedes comprar el producto Ibanez AW54 CE OPN Guitarra Acústica Electrificada [aquí](https://www.madridhifi.com/p/ibanez-aw54-ce-opn/).	azure-questions.txt		[]	False	[]	89	ask-hifi
¿Dónde puedo comprar el producto Ibanez TMB30 BK Bajo Eléctrico Talman?	Puedes comprar el producto Ibanez TMB30 BK Bajo Eléctrico Talman [aquí](https://www.madridhifi.com/p/ibanez-tmb30-bk/).	azure-questions.txt		[]	False	[]	90	ask-hifi
¿Dónde puedo comprar el producto Ibanez CSMINI Chorus. Pedal de Efectos?	Puedes comprar el producto Ibanez CSMINI Chorus. Pedal de Efectos [aquí](https://www.madridhifi.com/p/ibanez-csmini/).	azure-questions.txt		[]	False	[]	91	ask-hifi
¿Dónde puedo comprar el producto Ibanez JEM77P BFP Signature Steve Vai?	Puedes comprar el producto Ibanez JEM77P BFP Signature Steve Vai [aquí](https://www.madridhifi.com/p/ibanez-jem77p-bfp-premium/).	azure-questions.txt		[]	False	[]	92	ask-hifi
¿Dónde puedo comprar el producto Ibanez M300C Estuche para guitarra RG/RGA/RGD/RG7/S/SA?	Puedes comprar el producto Ibanez M300C Estuche para guitarra RG/RGA/RGD/RG7/S/SA [aquí](https://www.madridhifi.com/p/ibanez-m300c/).	azure-questions.txt		[]	False	[]	93	ask-hifi
¿Dónde puedo comprar el producto Ibanez PGMM31 WH Guitarra Eléctrica Paul Gilbert Mikro?	Puedes comprar el producto Ibanez PGMM31 WH Guitarra Eléctrica Paul Gilbert Mikro [aquí](https://www.madridhifi.com/p/ibanez-pgmm31-wh/).	azure-questions.txt		[]	False	[]	94	ask-hifi
¿Dónde puedo comprar el producto Ibanez JEMJRSP-PK Signature Steve Vai?	Puedes comprar el producto Ibanez JEMJRSP-PK Signature Steve Vai [aquí](https://www.madridhifi.com/p/ibanez-jemjrsp-pk/).	azure-questions.txt		[]	False	[]	95	ask-hifi
¿Dónde puedo comprar el producto Ibanez IMC50FS Taburete Guitarrista con soporte guitarra?	Puedes comprar el producto Ibanez IMC50FS Taburete Guitarrista con soporte guitarra [aquí](https://www.madridhifi.com/p/ibanez-imc50fs/).	azure-questions.txt		[]	False	[]	96	ask-hifi
¿Dónde puedo comprar el producto Ibanez AF55L-TF Guitarra Eléctrica Zurdo?	Puedes comprar el producto Ibanez AF55L-TF Guitarra Eléctrica Zurdo [aquí](https://www.madridhifi.com/p/ibanez-af55l-tf/).	azure-questions.txt		[]	False	[]	97	ask-hifi
¿Dónde puedo comprar el producto Ibanez SA260FM-TGB Transparent Gray Burst?	Puedes comprar el producto Ibanez SA260FM-TGB Transparent Gray Burst [aquí](https://www.madridhifi.com/p/ibanez-sa260fm-tgb/).	azure-questions.txt		[]	False	[]	98	ask-hifi
¿Dónde puedo comprar el producto Ibanez AZ2204-ICM Prestige Japan Ice Blue Metallic + Estuche?	Puedes comprar el producto Ibanez AZ2204-ICM Prestige Japan Ice Blue Metallic + Estuche [aquí](https://www.madridhifi.com/p/ibanez-az2204-icm/).	azure-questions.txt		[]	False	[]	99	ask-hifi
¿Dónde puedo comprar el producto Ibanez AF55-TKF Guitarra Eléctrica Hollowbody?	Puedes comprar el producto Ibanez AF55-TKF Guitarra Eléctrica Hollowbody [aquí](https://www.madridhifi.com/p/ibanez-af55-tkf/).	azure-questions.txt		[]	False	[]	100	ask-hifi
¿Dónde puedo comprar el producto Ibanez GRG7221QA-TKS Transparent Black Sunburst?	Puedes comprar el producto Ibanez GRG7221QA-TKS Transparent Black Sunburst [aquí](https://www.madridhifi.com/p/ibanez-grg7221qa-tks/).	azure-questions.txt		[]	False	[]	101	ask-hifi
¿Dónde puedo comprar el producto Ibanez RG5120M-FCN Prestige Japan Frozen Ocean + Estuche?	Puedes comprar el producto Ibanez RG5120M-FCN Prestige Japan Frozen Ocean + Estuche [aquí](https://www.madridhifi.com/p/ibanez-rg5120m-fcn/).	azure-questions.txt		[]	False	[]	102	ask-hifi
¿Dónde puedo comprar el producto Ibanez TMB30-MGR Mint Green Bajo Eléctrico?	Puedes comprar el producto Ibanez TMB30-MGR Mint Green Bajo Eléctrico [aquí](https://www.madridhifi.com/p/ibanez-tmb30-mgr/).	azure-questions.txt		[]	False	[]	103	ask-hifi
¿Dónde puedo comprar el producto Ibanez PF15ECE Bk Guitarra Acústica Electrificada ( REACONDICIONADO )?	Puedes comprar el producto Ibanez PF15ECE Bk Guitarra Acústica Electrificada ( REACONDICIONADO ) [aquí](https://www.madridhifi.com/p/ibanez-pf15ece-bk-reacondicionado/).	azure-questions.txt		[]	False	[]	104	ask-hifi
¿Dónde puedo comprar el producto Ibanez AEG50N-NT Guitarra de Concierto?	Puedes comprar el producto Ibanez AEG50N-NT Guitarra de Concierto [aquí](https://www.madridhifi.com/p/ibanez-aeg50n-nt/).	azure-questions.txt		[]	False	[]	105	ask-hifi
¿Dónde puedo comprar el producto Ibanez RGD61ALET-MGM Guitarra Eléctrica RGD Metallic Gray Matte?	Puedes comprar el producto Ibanez RGD61ALET-MGM Guitarra Eléctrica RGD Metallic Gray Matte [aquí](https://www.madridhifi.com/p/ibanez-rgd61alet-mgm/).	azure-questions.txt		[]	False	[]	106	ask-hifi
¿Dónde puedo comprar el producto Ibanez SA360NQM-SPB Guitarra Eléctrica?	Puedes comprar el producto Ibanez SA360NQM-SPB Guitarra Eléctrica [aquí](https://www.madridhifi.com/p/ibanez-sa360nqm-spb/).	azure-questions.txt		[]	False	[]	107	ask-hifi
¿Dónde puedo comprar el producto Ibanez AZ2402-PWF Guitarra Eléctrica Prestige Japan + Estuche?	Puedes comprar el producto Ibanez AZ2402-PWF Guitarra Eléctrica Prestige Japan + Estuche [aquí](https://www.madridhifi.com/p/ibanez-az2402-pwf/).	azure-questions.txt		[]	False	[]	108	ask-hifi
¿Dónde puedo comprar el producto Ibanez RG5170G-SVF Guitarra Eléctrica?	Puedes comprar el producto Ibanez RG5170G-SVF Guitarra Eléctrica [aquí](https://www.madridhifi.com/p/ibanez-rg5170g-svf/).	azure-questions.txt		[]	False	[]	109	ask-hifi
¿Dónde puedo comprar el producto Ibanez DCS50D-MGN Correa para Guitarra y Bajo Verde Musgo?	Puedes comprar el producto Ibanez DCS50D-MGN Correa para Guitarra y Bajo Verde Musgo [aquí](https://www.madridhifi.com/p/ibanez-dcs50d-mgn/).	azure-questions.txt		[]	False	[]	110	ask-hifi
¿Dónde puedo comprar el producto Ibanez GRX70QA-SB Guitarra Eléctrica Sunburst?	Puedes comprar el producto Ibanez GRX70QA-SB Guitarra Eléctrica Sunburst [aquí](https://www.madridhifi.com/p/ibanez-grx70qa-sb/).	azure-questions.txt		[]	False	[]	111	ask-hifi
¿Qué tipos de madera tiene el producto Ibanez AZ2407F-BSR Guitarra Electrica?	El producto Ibanez AZ2407F-BSR Guitarra Electrica está fabricado con:: arce;; tilo.	azure-questions.txt		[]	False	[]	112	ask-hifi
¿Qué tipos de madera tiene el producto Ibanez TCY10E BK Guitarra Electro Acústica?	El producto Ibanez TCY10E BK Guitarra Electro Acústica está fabricado con:: caoba;; palosanto.	azure-questions.txt		[]	False	[]	113	ask-hifi
¿Qué tipos de madera tiene el producto Ibanez AW70ECE Nt Guitarra Acústica Electrificada ( REACONDICIONADO )?	El producto Ibanez AW70ECE Nt Guitarra Acústica Electrificada ( REACONDICIONADO ) está fabricado con:: pícea;; caoba;; tilo.	azure-questions.txt		[]	False	[]	114	ask-hifi
¿Qué tipos de madera tiene el producto Ibanez RG421QM-CBB Guitarra Eléctrica?	El producto Ibanez RG421QM-CBB Guitarra Eléctrica está fabricado con:: arce.	azure-questions.txt		[]	False	[]	115	ask-hifi
¿Qué tipos de madera tiene el producto Ibanez GRG170 DX BKN Guitarra Eléctrica?	El producto Ibanez GRG170 DX BKN Guitarra Eléctrica está fabricado con:: arce;; palosanto.	azure-questions.txt		[]	False	[]	116	ask-hifi
¿Qué tipos de madera tiene el producto Ibanez AS53 TF Guitarra Eléctrica Tobacco Flat?	El producto Ibanez AS53 TF Guitarra Eléctrica Tobacco Flat está fabricado con:: nyatoh.	azure-questions.txt		[]	False	[]	117	ask-hifi
¿Qué tipos de madera tiene el producto Ibanez PF15 BK Guitarra Acústica?	El producto Ibanez PF15 BK Guitarra Acústica está fabricado con:: caoba;; palosanto.	azure-questions.txt		[]	False	[]	118	ask-hifi
¿Qué tipos de madera tiene el producto Ibanez GSR200 BK Bajo Eléctrico?	El producto Ibanez GSR200 BK Bajo Eléctrico está fabricado con:: arce;; palosanto.	azure-questions.txt		[]	False	[]	119	ask-hifi
¿Qué tipos de madera tiene el producto Ibanez GSR200B WNF Bajo Eléctrico Walnut Flat?	El producto Ibanez GSR200B WNF Bajo Eléctrico Walnut Flat está fabricado con:: arce;; caoba;; palosanto.	azure-questions.txt		[]	False	[]	120	ask-hifi
¿Qué tipos de madera tiene el producto Ibanez GSR180 BK Bajo Eléctrico?	El producto Ibanez GSR180 BK Bajo Eléctrico está fabricado con:: arce;; palosanto.	azure-questions.txt		[]	False	[]	121	ask-hifi
¿Qué tipos de madera tiene el producto Ibanez PF15ECE TBS Guitarra Electro Acústica?	El producto Ibanez PF15ECE TBS Guitarra Electro Acústica está fabricado con:: pícea;; caoba.	azure-questions.txt		[]	False	[]	122	ask-hifi
¿Qué tipos de madera tiene el producto Ibanez GRG121DX BKF Guitarra Eléctrica?	El producto Ibanez GRG121DX BKF Guitarra Eléctrica está fabricado con:: arce;; caoba.	azure-questions.txt		[]	False	[]	123	ask-hifi
¿Qué tipos de madera tiene el producto Ibanez TMB100 MGR Bajo Eléctrico?	El producto Ibanez TMB100 MGR Bajo Eléctrico está fabricado con:: arce;; caoba;; palosanto.	azure-questions.txt		[]	False	[]	124	ask-hifi
¿Qué tipos de madera tiene el producto Ibanez AW54 CE OPN Guitarra Acústica Electrificada?	El producto Ibanez AW54 CE OPN Guitarra Acústica Electrificada está fabricado con:: nyatoh;; tilo;; ovangkol.	azure-questions.txt		[]	False	[]	125	ask-hifi
¿Qué tipos de madera tiene el producto Ibanez TMB30 BK Bajo Eléctrico Talman?	El producto Ibanez TMB30 BK Bajo Eléctrico Talman está fabricado con:: arce;; caoba.	azure-questions.txt		[]	False	[]	126	ask-hifi
¿Qué tipos de madera tiene el producto Ibanez JEM77P BFP Signature Steve Vai?	El producto Ibanez JEM77P BFP Signature Steve Vai está fabricado con:: nogal;; arce;; tilo.	azure-questions.txt		[]	False	[]	127	ask-hifi
¿Qué tipos de madera tiene el producto Ibanez PGMM31 WH Guitarra Eléctrica Paul Gilbert Mikro?	El producto Ibanez PGMM31 WH Guitarra Eléctrica Paul Gilbert Mikro está fabricado con:: arce.	azure-questions.txt		[]	False	[]	128	ask-hifi
¿Qué tipos de madera tiene el producto Ibanez JEMJRSP-PK Signature Steve Vai?	El producto Ibanez JEMJRSP-PK Signature Steve Vai está fabricado con:: arce.	azure-questions.txt		[]	False	[]	129	ask-hifi
¿Qué tipos de madera tiene el producto Ibanez AF55L-TF Guitarra Eléctrica Zurdo?	El producto Ibanez AF55L-TF Guitarra Eléctrica Zurdo está fabricado con:: nyatoh;; nogal;; tilo.	azure-questions.txt		[]	False	[]	130	ask-hifi
¿Qué tipos de madera tiene el producto Ibanez SA260FM-TGB Transparent Gray Burst?	El producto Ibanez SA260FM-TGB Transparent Gray Burst está fabricado con:: arce;; caoba.	azure-questions.txt		[]	False	[]	131	ask-hifi
¿Qué tipos de madera tiene el producto Ibanez AZ2204-ICM Prestige Japan Ice Blue Metallic + Estuche?	El producto Ibanez AZ2204-ICM Prestige Japan Ice Blue Metallic + Estuche está fabricado con:: arce;; aliso.	azure-questions.txt		[]	False	[]	132	ask-hifi
¿Qué tipos de madera tiene el producto Ibanez AF55-TKF Guitarra Eléctrica Hollowbody?	El producto Ibanez AF55-TKF Guitarra Eléctrica Hollowbody está fabricado con:: caoba;; tilo.	azure-questions.txt		[]	False	[]	133	ask-hifi
¿Qué tipos de madera tiene el producto Ibanez GRG7221QA-TKS Transparent Black Sunburst?	El producto Ibanez GRG7221QA-TKS Transparent Black Sunburst está fabricado con:: pícea;; arce.	azure-questions.txt		[]	False	[]	134	ask-hifi
¿Qué tipos de madera tiene el producto Ibanez RG5120M-FCN Prestige Japan Frozen Ocean + Estuche?	El producto Ibanez RG5120M-FCN Prestige Japan Frozen Ocean + Estuche está fabricado con:: arce;; caoba;; tilo;; fresno.	azure-questions.txt		[]	False	[]	135	ask-hifi
¿Qué tipos de madera tiene el producto Ibanez TMB30-MGR Mint Green Bajo Eléctrico?	El producto Ibanez TMB30-MGR Mint Green Bajo Eléctrico está fabricado con:: arce.	azure-questions.txt		[]	False	[]	136	ask-hifi
¿Qué tipos de madera tiene el producto Ibanez PF15ECE Bk Guitarra Acústica Electrificada ( REACONDICIONADO )?	El producto Ibanez PF15ECE Bk Guitarra Acústica Electrificada ( REACONDICIONADO ) está fabricado con:: caoba;; palosanto.	azure-questions.txt		[]	False	[]	137	ask-hifi
¿Qué tipos de madera tiene el producto Ibanez AEG50N-NT Guitarra de Concierto?	El producto Ibanez AEG50N-NT Guitarra de Concierto está fabricado con:: pícea;; sapeli;; nyatoh;; nogal.	azure-questions.txt		[]	False	[]	138	ask-hifi
¿Qué tipos de madera tiene el producto Ibanez RGD61ALET-MGM Guitarra Eléctrica RGD Metallic Gray Matte?	El producto Ibanez RGD61ALET-MGM Guitarra Eléctrica RGD Metallic Gray Matte está fabricado con:: nyatoh;; nogal;; ébano;; fresno.	azure-questions.txt		[]	False	[]	139	ask-hifi
¿Qué tipos de madera tiene el producto Ibanez SA360NQM-SPB Guitarra Eléctrica?	El producto Ibanez SA360NQM-SPB Guitarra Eléctrica está fabricado con:: arce;; tilo.	azure-questions.txt		[]	False	[]	140	ask-hifi
¿Qué tipos de madera tiene el producto Ibanez AZ2402-PWF Guitarra Eléctrica Prestige Japan + Estuche?	El producto Ibanez AZ2402-PWF Guitarra Eléctrica Prestige Japan + Estuche está fabricado con:: arce;; aliso.	azure-questions.txt		[]	False	[]	141	ask-hifi
¿Qué tipos de madera tiene el producto Ibanez RG5170G-SVF Guitarra Eléctrica?	El producto Ibanez RG5170G-SVF Guitarra Eléctrica está fabricado con:: arce;; ébano;; tilo.	azure-questions.txt		[]	False	[]	142	ask-hifi
¿Qué tipos de madera tiene el producto Ibanez GRX70QA-SB Guitarra Eléctrica Sunburst?	El producto Ibanez GRX70QA-SB Guitarra Eléctrica Sunburst está fabricado con:: arce.	azure-questions.txt		[]	False	[]	143	ask-hifi
